{
  "id": "custom-json-data",
  "name": "CustomJSONData",
  "version": "0.1.1",
  "author": "StackDoubleFlow",
  "description": [
    ""
  ],
  "category": "Other",
  "gameVersion": "1.13.0",
  "links": {
    "project-home": "https://github.com/StackDoubleFlow/CustomJSONData"
  },
  "platform": "Quest",
  "components": [
    {
      "Type": "HookMod",
      "InstallAction": {
        "InstallLibraryFile": "libcustom-json-data.so"
      },
      "UninstallAction": {
        "RemoveLibraryFile": "libcustom-json-data.so"
      }
    },
    {
      "type": "HookModLibrary",
      "installAction": {
        "installLibraryFile": "libbeatsaber-hook_0_8_4.so"
      }
    },
    {
      "type": "HookModLibrary",
      "installAction": {
        "installLibraryFile": "libcustom-types.so"
      }
    }
  ]
}